SQL> --[join]
SQL> --inner join : 지금까지 사용해왔던 조인, 조인대상 테이블에서 공통적인 데이터만 가져온다..
SQL> --outer join : 공통적인 데이터가 없는 경우에도 데이터를 가져올 수 있다.
SQL> set line 1000
SQL> set pagesize 20
SQL> select * from emp;

     EMPNO ENAME                JOB                       MGR HIREDATE        SAL       COMM     DEPTNO                                                                                                                                                                                                                                                                                                                                                                                                                                                                                                                                                                                                                                                                                                                                                                                                                                                                                                                                 
---------- -------------------- ------------------ ---------- -------- ---------- ---------- ----------                                                                                                                                                                                                                                                                                                                                                                                                                                                                                                                                                                                                                                                                                                                                                                                                                                                                                                                                 
      7369 SMITH                CLERK                    7902 80/12/17        800                    20                                                                                                                                                                                                                                                                                                                                                                                                                                                                                                                                                                                                                                                                                                                                                                                                                                                                                                                                 
      7499 ALLEN                SALESMAN                 7698 81/02/20       1600        300         30                                                                                                                                                                                                                                                                                                                                                                                                                                                                                                                                                                                                                                                                                                                                                                                                                                                                                                                                 
      7521 WARD                 SALESMAN                 7698 81/02/22       1250        500         30                                                                                                                                                                                                                                                                                                                                                                                                                                                                                                                                                                                                                                                                                                                                                                                                                                                                                                                                 
      7566 JONES                MANAGER                  7839 81/04/02       2975                    20                                                                                                                                                                                                                                                                                                                                                                                                                                                                                                                                                                                                                                                                                                                                                                                                                                                                                                                                 
      7654 MARTIN               SALESMAN                 7698 81/09/28       1250       1400         30                                                                                                                                                                                                                                                                                                                                                                                                                                                                                                                                                                                                                                                                                                                                                                                                                                                                                                                                 
      7698 BLAKE                MANAGER                  7839 81/05/01       2850                    30                                                                                                                                                                                                                                                                                                                                                                                                                                                                                                                                                                                                                                                                                                                                                                                                                                                                                                                                 
      7782 CLARK                MANAGER                  7839 81/06/09       2450                    10                                                                                                                                                                                                                                                                                                                                                                                                                                                                                                                                                                                                                                                                                                                                                                                                                                                                                                                                 
      7788 SCOTT                ANALYST                  7566 87/04/19       3000                    20                                                                                                                                                                                                                                                                                                                                                                                                                                                                                                                                                                                                                                                                                                                                                                                                                                                                                                                                 
      7839 KING                 PRESIDENT                     81/11/17       5000                    10                                                                                                                                                                                                                                                                                                                                                                                                                                                                                                                                                                                                                                                                                                                                                                                                                                                                                                                                 
      7844 TURNER               SALESMAN                 7698 81/09/08       1500          0         30                                                                                                                                                                                                                                                                                                                                                                                                                                                                                                                                                                                                                                                                                                                                                                                                                                                                                                                                 
      7876 ADAMS                CLERK                    7788 87/05/23       1100                    20                                                                                                                                                                                                                                                                                                                                                                                                                                                                                                                                                                                                                                                                                                                                                                                                                                                                                                                                 
      7900 JAMES                CLERK                    7698 81/12/03        950                    30                                                                                                                                                                                                                                                                                                                                                                                                                                                                                                                                                                                                                                                                                                                                                                                                                                                                                                                                 
      7902 FORD                 ANALYST                  7566 81/12/03       3000                    20                                                                                                                                                                                                                                                                                                                                                                                                                                                                                                                                                                                                                                                                                                                                                                                                                                                                                                                                 
      7934 MILLER               CLERK                    7782 82/01/23       1300                    10                                                                                                                                                                                                                                                                                                                                                                                                                                                                                                                                                                                                                                                                                                                                                                                                                                                                                                                                 

14 rows selected.

SQL> select * from dept;

    DEPTNO DNAME                        LOC                                                                                                                                                                                                                                                                                                                                                                                                                                                                                                                                                                                                                                                                                                                                                                                                                                                                                                                                                                                             
---------- ---------------------------- --------------------------                                                                                                                                                                                                                                                                                                                                                                                                                                                                                                                                                                                                                                                                                                                                                                                                                                                                                                                                                                      
        10 ACCOUNTING                   NEW YORK                                                                                                                                                                                                                                                                                                                                                                                                                                                                                                                                                                                                                                                                                                                                                                                                                                                                                                                                                                                        
        20 RESEARCH                     DALLAS                                                                                                                                                                                                                                                                                                                                                                                                                                                                                                                                                                                                                                                                                                                                                                                                                                                                                                                                                                                          
        30 SALES                        CHICAGO                                                                                                                                                                                                                                                                                                                                                                                                                                                                                                                                                                                                                                                                                                                                                                                                                                                                                                                                                                                         
        40 OPERATIONS                   BOSTON                                                                                                                                                                                                                                                                                                                                                                                                                                                                                                                                                                                                                                                                                                                                                                                                                                                                                                                                                                                          

SQL> --부서명, 부서위치, 사원명, 급여를 출력하시오.
SQL> select dname, loc, ename, sal from emp e, dept d where e.deptno=d.deptno;

DNAME                        LOC                        ENAME                       SAL                                                                                                                                                                                                                                                                                                                                                                                                                                                                                                                                                                                                                                                                                                                                                                                                                                                                                                                                                 
---------------------------- -------------------------- -------------------- ----------                                                                                                                                                                                                                                                                                                                                                                                                                                                                                                                                                                                                                                                                                                                                                                                                                                                                                                                                                 
ACCOUNTING                   NEW YORK                   CLARK                      2450                                                                                                                                                                                                                                                                                                                                                                                                                                                                                                                                                                                                                                                                                                                                                                                                                                                                                                                                                 
ACCOUNTING                   NEW YORK                   KING                       5000                                                                                                                                                                                                                                                                                                                                                                                                                                                                                                                                                                                                                                                                                                                                                                                                                                                                                                                                                 
ACCOUNTING                   NEW YORK                   MILLER                     1300                                                                                                                                                                                                                                                                                                                                                                                                                                                                                                                                                                                                                                                                                                                                                                                                                                                                                                                                                 
RESEARCH                     DALLAS                     JONES                      2975                                                                                                                                                                                                                                                                                                                                                                                                                                                                                                                                                                                                                                                                                                                                                                                                                                                                                                                                                 
RESEARCH                     DALLAS                     FORD                       3000                                                                                                                                                                                                                                                                                                                                                                                                                                                                                                                                                                                                                                                                                                                                                                                                                                                                                                                                                 
RESEARCH                     DALLAS                     ADAMS                      1100                                                                                                                                                                                                                                                                                                                                                                                                                                                                                                                                                                                                                                                                                                                                                                                                                                                                                                                                                 
RESEARCH                     DALLAS                     SMITH                       800                                                                                                                                                                                                                                                                                                                                                                                                                                                                                                                                                                                                                                                                                                                                                                                                                                                                                                                                                 
RESEARCH                     DALLAS                     SCOTT                      3000                                                                                                                                                                                                                                                                                                                                                                                                                                                                                                                                                                                                                                                                                                                                                                                                                                                                                                                                                 
SALES                        CHICAGO                    WARD                       1250                                                                                                                                                                                                                                                                                                                                                                                                                                                                                                                                                                                                                                                                                                                                                                                                                                                                                                                                                 
SALES                        CHICAGO                    TURNER                     1500                                                                                                                                                                                                                                                                                                                                                                                                                                                                                                                                                                                                                                                                                                                                                                                                                                                                                                                                                 
SALES                        CHICAGO                    ALLEN                      1600                                                                                                                                                                                                                                                                                                                                                                                                                                                                                                                                                                                                                                                                                                                                                                                                                                                                                                                                                 
SALES                        CHICAGO                    JAMES                       950                                                                                                                                                                                                                                                                                                                                                                                                                                                                                                                                                                                                                                                                                                                                                                                                                                                                                                                                                 
SALES                        CHICAGO                    BLAKE                      2850                                                                                                                                                                                                                                                                                                                                                                                                                                                                                                                                                                                                                                                                                                                                                                                                                                                                                                                                                 
SALES                        CHICAGO                    MARTIN                     1250                                                                                                                                                                                                                                                                                                                                                                                                                                                                                                                                                                                                                                                                                                                                                                                                                                                                                                                                                 

14 rows selected.

SQL> ed
Wrote file afiedt.buf

  1  select d.deptno, dname, loc, ename, sal 
  2  from dept d left outer join emp e 
  3* on d.deptno = e.empno
SQL> 
SQL> /

    DEPTNO DNAME                        LOC                        ENAME                       SAL                                                                                                                                                                                                                                                                                                                                                                                                                                                                                                                                                                                                                                                                                                                                                                                                                                                                                                                                      
---------- ---------------------------- -------------------------- -------------------- ----------                                                                                                                                                                                                                                                                                                                                                                                                                                                                                                                                                                                                                                                                                                                                                                                                                                                                                                                                      
        10 ACCOUNTING                   NEW YORK                                                                                                                                                                                                                                                                                                                                                                                                                                                                                                                                                                                                                                                                                                                                                                                                                                                                                                                                                                                        
        20 RESEARCH                     DALLAS                                                                                                                                                                                                                                                                                                                                                                                                                                                                                                                                                                                                                                                                                                                                                                                                                                                                                                                                                                                          
        30 SALES                        CHICAGO                                                                                                                                                                                                                                                                                                                                                                                                                                                                                                                                                                                                                                                                                                                                                                                                                                                                                                                                                                                         
        40 OPERATIONS                   BOSTON                                                                                                                                                                                                                                                                                                                                                                                                                                                                                                                                                                                                                                                                                                                                                                                                                                                                                                                                                                                          

SQL> ed
Wrote file afiedt.buf

  1  select d.deptno, dname, loc, ename, sal 
  2  from dept d left outer join emp e 
  3* on d.deptno = e.empno
SQL> /

    DEPTNO DNAME                        LOC                        ENAME                       SAL                                                                                                                                                                                                                                                                                                                                                                                                                                                                                                                                                                                                                                                                                                                                                                                                                                                                                                                                      
---------- ---------------------------- -------------------------- -------------------- ----------                                                                                                                                                                                                                                                                                                                                                                                                                                                                                                                                                                                                                                                                                                                                                                                                                                                                                                                                      
        10 ACCOUNTING                   NEW YORK                                                                                                                                                                                                                                                                                                                                                                                                                                                                                                                                                                                                                                                                                                                                                                                                                                                                                                                                                                                        
        20 RESEARCH                     DALLAS                                                                                                                                                                                                                                                                                                                                                                                                                                                                                                                                                                                                                                                                                                                                                                                                                                                                                                                                                                                          
        30 SALES                        CHICAGO                                                                                                                                                                                                                                                                                                                                                                                                                                                                                                                                                                                                                                                                                                                                                                                                                                                                                                                                                                                         
        40 OPERATIONS                   BOSTON                                                                                                                                                                                                                                                                                                                                                                                                                                                                                                                                                                                                                                                                                                                                                                                                                                                                                                                                                                                          

SQL> ed
Wrote file afiedt.buf

  1  select d.deptno, dname, loc, ename, sal 
  2  from dept d left outer join emp e 
  3* on d.deptno = e.deptno
SQL> /

    DEPTNO DNAME                        LOC                        ENAME                       SAL                                                                                                                                                                                                                                                                                                                                                                                                                                                                                                                                                                                                                                                                                                                                                                                                                                                                                                                                      
---------- ---------------------------- -------------------------- -------------------- ----------                                                                                                                                                                                                                                                                                                                                                                                                                                                                                                                                                                                                                                                                                                                                                                                                                                                                                                                                      
        10 ACCOUNTING                   NEW YORK                   CLARK                      2450                                                                                                                                                                                                                                                                                                                                                                                                                                                                                                                                                                                                                                                                                                                                                                                                                                                                                                                                      
        10 ACCOUNTING                   NEW YORK                   KING                       5000                                                                                                                                                                                                                                                                                                                                                                                                                                                                                                                                                                                                                                                                                                                                                                                                                                                                                                                                      
        10 ACCOUNTING                   NEW YORK                   MILLER                     1300                                                                                                                                                                                                                                                                                                                                                                                                                                                                                                                                                                                                                                                                                                                                                                                                                                                                                                                                      
        20 RESEARCH                     DALLAS                     JONES                      2975                                                                                                                                                                                                                                                                                                                                                                                                                                                                                                                                                                                                                                                                                                                                                                                                                                                                                                                                      
        20 RESEARCH                     DALLAS                     FORD                       3000                                                                                                                                                                                                                                                                                                                                                                                                                                                                                                                                                                                                                                                                                                                                                                                                                                                                                                                                      
        20 RESEARCH                     DALLAS                     ADAMS                      1100                                                                                                                                                                                                                                                                                                                                                                                                                                                                                                                                                                                                                                                                                                                                                                                                                                                                                                                                      
        20 RESEARCH                     DALLAS                     SMITH                       800                                                                                                                                                                                                                                                                                                                                                                                                                                                                                                                                                                                                                                                                                                                                                                                                                                                                                                                                      
        20 RESEARCH                     DALLAS                     SCOTT                      3000                                                                                                                                                                                                                                                                                                                                                                                                                                                                                                                                                                                                                                                                                                                                                                                                                                                                                                                                      
        30 SALES                        CHICAGO                    WARD                       1250                                                                                                                                                                                                                                                                                                                                                                                                                                                                                                                                                                                                                                                                                                                                                                                                                                                                                                                                      
        30 SALES                        CHICAGO                    TURNER                     1500                                                                                                                                                                                                                                                                                                                                                                                                                                                                                                                                                                                                                                                                                                                                                                                                                                                                                                                                      
        30 SALES                        CHICAGO                    ALLEN                      1600                                                                                                                                                                                                                                                                                                                                                                                                                                                                                                                                                                                                                                                                                                                                                                                                                                                                                                                                      
        30 SALES                        CHICAGO                    JAMES                       950                                                                                                                                                                                                                                                                                                                                                                                                                                                                                                                                                                                                                                                                                                                                                                                                                                                                                                                                      
        30 SALES                        CHICAGO                    BLAKE                      2850                                                                                                                                                                                                                                                                                                                                                                                                                                                                                                                                                                                                                                                                                                                                                                                                                                                                                                                                      
        30 SALES                        CHICAGO                    MARTIN                     1250                                                                                                                                                                                                                                                                                                                                                                                                                                                                                                                                                                                                                                                                                                                                                                                                                                                                                                                                      
        40 OPERATIONS                   BOSTON                                                                                                                                                                                                                                                                                                                                                                                                                                                                                                                                                                                                                                                                                                                                                                                                                                                                                                                                                                                          

15 rows selected.

SQL> ed
Wrote file afiedt.buf

  1  select d.deptno, dname, loc, ename, sal 
  2  from  emp e right outer join dept d
  3* on d.deptno = e.deptno
SQL> /

    DEPTNO DNAME                        LOC                        ENAME                       SAL                                                                                                                                                                                                                                                                                                                                                                                                                                                                                                                                                                                                                                                                                                                                                                                                                                                                                                                                      
---------- ---------------------------- -------------------------- -------------------- ----------                                                                                                                                                                                                                                                                                                                                                                                                                                                                                                                                                                                                                                                                                                                                                                                                                                                                                                                                      
        10 ACCOUNTING                   NEW YORK                   CLARK                      2450                                                                                                                                                                                                                                                                                                                                                                                                                                                                                                                                                                                                                                                                                                                                                                                                                                                                                                                                      
        10 ACCOUNTING                   NEW YORK                   KING                       5000                                                                                                                                                                                                                                                                                                                                                                                                                                                                                                                                                                                                                                                                                                                                                                                                                                                                                                                                      
        10 ACCOUNTING                   NEW YORK                   MILLER                     1300                                                                                                                                                                                                                                                                                                                                                                                                                                                                                                                                                                                                                                                                                                                                                                                                                                                                                                                                      
        20 RESEARCH                     DALLAS                     JONES                      2975                                                                                                                                                                                                                                                                                                                                                                                                                                                                                                                                                                                                                                                                                                                                                                                                                                                                                                                                      
        20 RESEARCH                     DALLAS                     FORD                       3000                                                                                                                                                                                                                                                                                                                                                                                                                                                                                                                                                                                                                                                                                                                                                                                                                                                                                                                                      
        20 RESEARCH                     DALLAS                     ADAMS                      1100                                                                                                                                                                                                                                                                                                                                                                                                                                                                                                                                                                                                                                                                                                                                                                                                                                                                                                                                      
        20 RESEARCH                     DALLAS                     SMITH                       800                                                                                                                                                                                                                                                                                                                                                                                                                                                                                                                                                                                                                                                                                                                                                                                                                                                                                                                                      
        20 RESEARCH                     DALLAS                     SCOTT                      3000                                                                                                                                                                                                                                                                                                                                                                                                                                                                                                                                                                                                                                                                                                                                                                                                                                                                                                                                      
        30 SALES                        CHICAGO                    WARD                       1250                                                                                                                                                                                                                                                                                                                                                                                                                                                                                                                                                                                                                                                                                                                                                                                                                                                                                                                                      
        30 SALES                        CHICAGO                    TURNER                     1500                                                                                                                                                                                                                                                                                                                                                                                                                                                                                                                                                                                                                                                                                                                                                                                                                                                                                                                                      
        30 SALES                        CHICAGO                    ALLEN                      1600                                                                                                                                                                                                                                                                                                                                                                                                                                                                                                                                                                                                                                                                                                                                                                                                                                                                                                                                      
        30 SALES                        CHICAGO                    JAMES                       950                                                                                                                                                                                                                                                                                                                                                                                                                                                                                                                                                                                                                                                                                                                                                                                                                                                                                                                                      
        30 SALES                        CHICAGO                    BLAKE                      2850                                                                                                                                                                                                                                                                                                                                                                                                                                                                                                                                                                                                                                                                                                                                                                                                                                                                                                                                      
        30 SALES                        CHICAGO                    MARTIN                     1250                                                                                                                                                                                                                                                                                                                                                                                                                                                                                                                                                                                                                                                                                                                                                                                                                                                                                                                                      
        40 OPERATIONS                   BOSTON                                                                                                                                                                                                                                                                                                                                                                                                                                                                                                                                                                                                                                                                                                                                                                                                                                                                                                                                                                                          

15 rows selected.

SQL> --부서번호 부서명 근무사원수 출력
SQL> select d.deptno, dname, count(dname)
  2  from dept d left outer join emp e
  3  on d.deptno = e.deptno;
select d.deptno, dname, count(dname)
       *
ERROR at line 1:
ORA-00937: not a single-group group function 


SQL> ed
Wrote file afiedt.buf

  1  select d.deptno, dname, count(dname)
  2  from dept d left outer join emp e
  3  on d.deptno = e.deptno
  4* group by dname
SQL> /
select d.deptno, dname, count(dname)
       *
ERROR at line 1:
ORA-00979: not a GROUP BY expression 


SQL> ed
Wrote file afiedt.buf

  1  select d.deptno, dname, count(*)
  2  from dept d left outer join emp e
  3  on d.deptno = e.deptno
  4* group by dname
SQL> /
select d.deptno, dname, count(*)
       *
ERROR at line 1:
ORA-00979: not a GROUP BY expression 


SQL> ed
Wrote file afiedt.buf

  1  select d.deptno, dname, count(*)
  2  from dept d left outer join emp e
  3  on d.deptno = e.deptno
  4* group by d.deptno
SQL> /
select d.deptno, dname, count(*)
                 *
ERROR at line 1:
ORA-00979: not a GROUP BY expression 


SQL> ed
Wrote file afiedt.buf

  1  select d.deptno, dname, count(*)
  2  from dept d left outer join emp e
  3* on d.deptno = e.deptno
SQL> /
select d.deptno, dname, count(*)
       *
ERROR at line 1:
ORA-00937: not a single-group group function 


SQL> ed
Wrote file afiedt.buf

  1  select d.deptno, dname, count(dname)
  2  from dept d left outer join emp e
  3  on d.deptno = e.deptno
  4* group by dname
SQL> /
select d.deptno, dname, count(dname)
       *
ERROR at line 1:
ORA-00979: not a GROUP BY expression 


SQL> ed
Wrote file afiedt.buf

  1  select d.deptno, dname, count(dname)
  2  from dept d left outer join emp e
  3  group by dname
  4* on d.deptno = e.deptno
SQL> /
group by dname
*
ERROR at line 3:
ORA-00905: missing keyword 


SQL> ed
Wrote file afiedt.buf

  1  select d.deptno, dname, count(dname)
  2  from dept d left outer join emp e
  3  group by dname,
  4* on d.deptno = e.deptno
SQL> /
group by dname,
*
ERROR at line 3:
ORA-00905: missing keyword 


SQL> ed
Wrote file afiedt.buf

  1  select d.deptno, dname, count(dname)
  2  from dept d, emp e
  3  where d.deptno=e.deptno
  4* group by dname
SQL> /
select d.deptno, dname, count(dname)
       *
ERROR at line 1:
ORA-00979: not a GROUP BY expression 


SQL> ed
Wrote file afiedt.buf

  1  select d.deptno, dname, ename
  2  from dept d left outer join emp e
  3* on d.deptno=e.deptno
  4  /

    DEPTNO DNAME                        ENAME                                                                                                                                                                                                                                                                                                                                                                                                                                                                                                                                                                                                                                                                                                                                                                                                                                                                                                                                                                                           
---------- ---------------------------- --------------------                                                                                                                                                                                                                                                                                                                                                                                                                                                                                                                                                                                                                                                                                                                                                                                                                                                                                                                                                                            
        10 ACCOUNTING                   CLARK                                                                                                                                                                                                                                                                                                                                                                                                                                                                                                                                                                                                                                                                                                                                                                                                                                                                                                                                                                                           
        10 ACCOUNTING                   KING                                                                                                                                                                                                                                                                                                                                                                                                                                                                                                                                                                                                                                                                                                                                                                                                                                                                                                                                                                                            
        10 ACCOUNTING                   MILLER                                                                                                                                                                                                                                                                                                                                                                                                                                                                                                                                                                                                                                                                                                                                                                                                                                                                                                                                                                                          
        20 RESEARCH                     JONES                                                                                                                                                                                                                                                                                                                                                                                                                                                                                                                                                                                                                                                                                                                                                                                                                                                                                                                                                                                           
        20 RESEARCH                     FORD                                                                                                                                                                                                                                                                                                                                                                                                                                                                                                                                                                                                                                                                                                                                                                                                                                                                                                                                                                                            
        20 RESEARCH                     ADAMS                                                                                                                                                                                                                                                                                                                                                                                                                                                                                                                                                                                                                                                                                                                                                                                                                                                                                                                                                                                           
        20 RESEARCH                     SMITH                                                                                                                                                                                                                                                                                                                                                                                                                                                                                                                                                                                                                                                                                                                                                                                                                                                                                                                                                                                           
        20 RESEARCH                     SCOTT                                                                                                                                                                                                                                                                                                                                                                                                                                                                                                                                                                                                                                                                                                                                                                                                                                                                                                                                                                                           
        30 SALES                        WARD                                                                                                                                                                                                                                                                                                                                                                                                                                                                                                                                                                                                                                                                                                                                                                                                                                                                                                                                                                                            
        30 SALES                        TURNER                                                                                                                                                                                                                                                                                                                                                                                                                                                                                                                                                                                                                                                                                                                                                                                                                                                                                                                                                                                          
        30 SALES                        ALLEN                                                                                                                                                                                                                                                                                                                                                                                                                                                                                                                                                                                                                                                                                                                                                                                                                                                                                                                                                                                           
        30 SALES                        JAMES                                                                                                                                                                                                                                                                                                                                                                                                                                                                                                                                                                                                                                                                                                                                                                                                                                                                                                                                                                                           
        30 SALES                        BLAKE                                                                                                                                                                                                                                                                                                                                                                                                                                                                                                                                                                                                                                                                                                                                                                                                                                                                                                                                                                                           
        30 SALES                        MARTIN                                                                                                                                                                                                                                                                                                                                                                                                                                                                                                                                                                                                                                                                                                                                                                                                                                                                                                                                                                                          
        40 OPERATIONS                                                                                                                                                                                                                                                                                                                                                                                                                                                                                                                                                                                                                                                                                                                                                                                                                                                                                                                                                                                                                   

15 rows selected.

SQL> ed
Wrote file afiedt.buf

  1  select d.deptno, dname, count(*)
  2  from dept d left outer join emp e
  3  on d.deptno=e.deptno
  4* group by (d.deptno, dname)
SQL> /

    DEPTNO DNAME                          COUNT(*)                                                                                                                                                                                                                                                                                                                                                                                                                                                                                                                                                                                                                                                                                                                                                                                                                                                                                                                                                                                      
---------- ---------------------------- ----------                                                                                                                                                                                                                                                                                                                                                                                                                                                                                                                                                                                                                                                                                                                                                                                                                                                                                                                                                                                      
        10 ACCOUNTING                            3                                                                                                                                                                                                                                                                                                                                                                                                                                                                                                                                                                                                                                                                                                                                                                                                                                                                                                                                                                                      
        40 OPERATIONS                            1                                                                                                                                                                                                                                                                                                                                                                                                                                                                                                                                                                                                                                                                                                                                                                                                                                                                                                                                                                                      
        20 RESEARCH                              5                                                                                                                                                                                                                                                                                                                                                                                                                                                                                                                                                                                                                                                                                                                                                                                                                                                                                                                                                                                      
        30 SALES                                 6                                                                                                                                                                                                                                                                                                                                                                                                                                                                                                                                                                                                                                                                                                                                                                                                                                                                                                                                                                                      

SQL> ed
Wrote file afiedt.buf

  1  select d.deptno, dname, count(dname)
  2  from dept d left outer join emp e
  3  on d.deptno=e.deptno
  4* group by (d.deptno, dname)
SQL> /

    DEPTNO DNAME                        COUNT(DNAME)                                                                                                                                                                                                                                                                                                                                                                                                                                                                                                                                                                                                                                                                                                                                                                                                                                                                                                                                                                                    
---------- ---------------------------- ------------                                                                                                                                                                                                                                                                                                                                                                                                                                                                                                                                                                                                                                                                                                                                                                                                                                                                                                                                                                                    
        10 ACCOUNTING                              3                                                                                                                                                                                                                                                                                                                                                                                                                                                                                                                                                                                                                                                                                                                                                                                                                                                                                                                                                                                    
        40 OPERATIONS                              1                                                                                                                                                                                                                                                                                                                                                                                                                                                                                                                                                                                                                                                                                                                                                                                                                                                                                                                                                                                    
        20 RESEARCH                                5           
                                                                                                                                                                                                                                                                                                                                                                                                                                                                                                                                                                                                                                                                                                                                                                                                                                                                                                                                                                         
  1  select c.category_id, name, count(product_id)
  2  from category c left outer join product p
  3  on c.category_id = p.category_id
  4  group by c.category_id, name
  5* order by c.category_id asc